lemma	pos	date	grouping	identifier	description	context	indexes_target_token	indexes_target_sentence
poena	NN	[-100,0]	1	15_1	 	-- quid? id promulgavit in quo res iudicatas videbatur voluisse rescindere, ut restitueretur Sulla. Recte reprehendis; status enim rei publicae maxime iudicatis rebus continetur; neque ego tantum fraterno amori dandum arbitror ut quisquam, dum saluti suorum consulat, communem relinquat.; At; nihil de iudicio ferebat, sed poenam ambitus eam referebat quae fuerat nuper superioribus legibus constituta. Itaque hac rogatione non iudicum sententia, sed legis vitium corrigebatur. Nemo iudicium reprehendit, cum de poena queritur, sed legem. Damnatio est enim iudicum, quae manebat, poena legis, quae levabatur. Noli igitur animos eorum ordinum qui praesunt iudiciis summa cum gravitate et dignitate alienare a causa. Nemo labefactare iudicium est conatus, nihil est eius modi promulgatum, semper Caecilius in calamitate fratris sui iudicum potestatem perpetuandam, legis acerbitatem mitigandam putavit. </section><section> Sed quid ego de hoc plura disputem? Dicerem fortasse, et facile et libenter dicerem, si paulo etiam longius quam finis cotidiani offici postulat L. Caecilium pietas et fraternus amor propulisset, implorarem sensus vestros, unius cuiusque indulgentiam in suos testarer, peterem veniam errato L. Caecili ex	580:585	0:1226
poena	NN	[-100,0]	1	15_9	 	, accitum ab Tarracone L. Marcium cum tertia parte copiarum ad Castulonem oppugnandum mittit, ipse cum cetero exercitu quintis fere ad Iliturgin castris pervenit. clausae erant portae omniaque instructa et parata ad oppugnationem arcendam; adeo conscientia quid se meritos scirent pro indicto eis bello fuerat. hinc et hortari milites Scipio orsus est: ipsos claudendo portas indicasse Hispanos quid ut timerent meriti essent. itaque multo infestioribus animis cum eis quam cum Carthaginiensibus bellum gerendum esse; quippe cum illis prope sine ira de imperio et gloria certari, ab his perfidiae et crudelitatis et sceleris poenas expetendas. evenisse tempus quo et nefandam commilitonum necem et in semet ipsos, si eodem fuga delati forent, instructam fraudem ulciscerentur, et in omne tempus gravi documento sancirent ne quis unquam Romanum civem militemque in ulla fortuna opportunum iniuriae duceret. Ab hac cohortatione ducis incitati scalas electis per manipulos viris dividunt, partitoque exercitu ita ut parti alteri Laelius praeesset legatus, duobus simul locis ancipiti terrore urbem adgrediuntur. non dux unus aut plures principes oppidanos, sed suus ipsorum ex conscientia culpae metus ad defendendam impigre urbem hortatur. et meminerant et admonebant alios	625:631	0:1272
poena	NN	[-100,0]	1	15_10	 	, acerrimis illis proeliis et maximis, Sucronensi et Turiensi, interfuisse, cum Pompeio ad extremum belli tempus fuisse. Haec sunt propria Corneli, pietas in rem publicam nostram, labor, adsiduitas, dimicatio, virtus digna summo imperatore, spes pro periculis praemiorum; praemia quidem ipsa non sunt in eius facto qui adeptus est, sed in eius qui dedit. Donatus igitur est ob eas causas a Cn. Pompeio civitate. Id accusator non negat, sed reprehendit, ut in Cornelio causa ipsius probetur, poena quaeratur, in Pompeio causa laedatur, poena sit nulla nisi famae: sic innocentissimi hominis fortunas, praestantissimi imperatoris factum condemnari volunt. Ergo in iudicium caput Corneli, factum Pompei vocatur. Hunc enim in ea civitate in qua sit natus honestissimo loco natum esse concedis, et ab ineunte aetate relictis rebus suis omnibus in nostris bellis nostris cum imperatoribus esse versatum, nullius laboris, nullius obsessionis, nullius proeli expertem fuisse. Haec sunt omnia cum plena laudis tum propria Corneli, nec in iis rebus crimen est ullum. Ubi igitur est crimen? Quod eum Pompeius civitate donavit. Huius crimen	535:540	0:1129
poena	NN	[-100,0]	1	15_14	 	, alii ab aliis expulsi. princeps erat exulum Agesipolis, cuius iure gentis regnum Lacedaemone erat, pulsus infans ab Lycurgo tyranno post mortem Cleomenis qui primus tyrannus Lacedaemone fuit. Cum terra marique tantum belli circumstaret tyrannum et prope nulla spes esset vere suas hostiumque aestimanti vires, non tamen omisit bellum sed et a Creta mille delectos iuventutis eorum excivit, cum mille iam haberet, et tria milia mercennariorum militum, decem milia popularium cum castellanis agrestibus in armis habuit et fossa valloque urbem communivit; et ne quid intestini motus oreretur, metu et acerbitate poenarum tenebat animos, quoniam ut salvum vellent tyrannum sperare non poterat. cum suspectos quosdam civium haberet, eductis in campum omnibus copiis- Dromon ipsi vocant- positis armis ad contionem vocari iubet Lacedaemonios atque eorum contioni satellites armatos circumdedit. et pauca praefatus cur sibi omnia timenti caventique ignoscendum in tali tempore foret, et ipsorum referre si quos suspectos status praesens rerum faceret prohiberi potius ne quid moliri possint quam puniri molientes; itaque quosdam se in custodia habiturum donec ea quae instet tempestas praetereat: hostibus repulsis- a quibus, si modo proditio intestina satis	611:619	0:1254
poena	NN	[-100,0]	1	15_19	 	, ausus esset- mitto exire de provincia, educere exercitum, bellum sua sponte gerere, in regnum iniussu populi Romani aut senatus accedere, quae cum plurimae leges veteres, tum lex Cornelia maiestatis, Iulia de pecuniis repetundis planissime vetat? Sed haec omitto; ille si non acerrime fureret, auderet, quam provinciam P. Lentulus, amicissimus huic ordini, cum et auctoritate senatus et sorte haberet, interposita religione sine ulla dubitatione deposuisset, eam sibi adsciscere, cum, etiam si religio non impediret, mos maiorum tamen et exempla et gravissimae legum poenae vetarent? </section><section> Et quoniam fortunarum contentionem facere coepimus, de reditu Gabini omittamus, quem, etsi sibi ipse praecidit, ego tamen os ut videam hominis exspecto; tuum, si placet, reditum cum meo conferamus. Ac meus quidem is fuit ut a Brundisio usque Romam agmen perpetuum totius Italiae viderit. Neque enim regio ulla fuit nec municipium neque praefectura aut colonia ex qua non ad me publice venerint gratulatum. Quid dicam adventus meos, quid effusiones hominum ex oppidis, quid concursus ex agris patrum familias cum coniugibus ac liberis, quid eos dies	569:575	0:1155
poena	NN	[-100,0]	1	15_24	 	, celeriter vobis vindicandum est. Video duas adhuc esse sententias, unam D. Silani, qui censet eos, qui haec delere conati sunt, morte esse multandos, alteram C. Caesaris, qui mortis poenam removet, ceterorum suppliciorum omnis acerbitates amplectitur. Uterque et pro sua dignitate et pro rerum magnitudine in summa severitate versatur. Alter eos, qui nos omnis[, qui populum Romanum] vita privare conati sunt, qui delere imperium, qui populi Romani nomen extinguere, punctum temporis frui vita et hoc communi spiritu non putat oportere atque hoc genus poenae saepe in inprobos civis in hac re publica esse usurpatum recordatur. Alter intellegit mortem ab dis inmortalibus non esse supplicii causa constitutam, sed aut necessitatem naturae aut laborum ac miseriarum quietem esse. Itaque eam sapientes numquam inviti, fortes saepe etiam lubenter oppetiverunt. Vincula vero, et ea sempiterna, certe ad singularem poenam nefarii sceleris inventa sunt. Municipiis dispertiri iubet. Habere videtur ista res iniquitatem, si imperare velis, difficultatem, si rogare. Decernatur tamen, si placet. Ego enim suscipiam et, ut spero, reperiam, qui id	554:560	0:1140
poena	NN	[-100,0]	1	15_30	 	, cum ad bivia consisteres, ut, quo flexisset agmen Attalus, Eumenis frater, eo consul mercennarius cum exercitu Romano sequereris, Pisidiae Lycaoniaeque et Phrygiae recessus omnis atque angulos peragrasti, stipem ab tyrannis castellanisque deviis colligens? Quid enim tibi cum Oroandis? Quid cum aliis aeque innoxiis populis?'''' Bellum autem ipsum, cuius nomine triumphum petis, quo modo gessisti? Loco aequo, tempore tuo pugnasti? Tu vero recte, ut diis immortalibus honos habeatur, postulas, primum quod pro temeritate imperatoris, nullo gentium iure bellum inferentis, poenas luere exercitum noluerunt; deinde quod beluas, non hostis nobis obiecerunt. Nolite nomen tantum existimare mixtum esse Gallograecorum; multo ante et corpora et animi mixti ac vitiati sunt. An, si illi Galli essent, cum quibus milliens vario eventu in Italia pugnatum est, quantum in imperatore vestro fuit, nuntius illinc redisset? Bis cum iis pugnatum est, bis loco iniquo subiit, in valle inferiore pedibus paene hostium aciem subiecit. Ut non tela ex superiore loco mitterent, sed corpora sua nuda inicerent, obruere nos potuerunt. Quid igitur incidit	574:580	0:1136
poena	NN	[-100,0]	1	15_32	 	, cum sapiens et bonus vir, qualis ille fuit, suffragiis praeteritur, non populus[ a bono consule] potius quam ille[ a bono populo] repulsam fert) GREEK_WORDsed tamen utrum malles te, si potestas esset, semel ut Laelium consulem an ut Cinnam quater? Non dubito, tu quid responsurus sis; itaque video, cui committam. Non quemvis hoc idem interrogarem; responderet enim alius fortasse se non modo quattuor consulatus uni anteponere, sed unum diem Cinnae multorum et clarorum virorum totis aetatibus. Laelius si digito quem attigisset, poenas dedisset; at Cinna collegae sui consulis Cn. Octavi praecidi caput iussit, P. Crassi L. Caesaris, nobilissimorum hominum, quorum virtus fuerat domi militiaeque cognita, M. Antoni, omnium eloquentissimi quos ego audierim, C. Caesaris, in quo mihi videtur specimen fuisse humanitatis salis suavitatis leporis. Beatusne igitur, qui hos interfecit? Mihi contra non solum eo videtur miser, quod ea fecit, sed etiam quod ita se gessit, ut ea facere ei liceret( etsi peccare nemini licet; sed sermonis errore labimur; id enim licere dicimus, quod cuique	533:539	0:1087
poena	NN	[-100,0]	1	15_35	 	, de salute omnium nostrum, de fortunis civitatis, de summa re publica taceo? quam vos universam in hoc iudicio vestris,; vestris; inquam, umeris, iudices, sustinetis. Videtis quo in motu temporum, quanta in conversione rerum ac perturbatione versemur. Cum alia multa certi homines, tum hoc vel maxime moliuntur ut vestrae quoque mentes, vestra iudicia, vestrae sententiae optimo cuique infestissimae atque inimicissimae reperiantur. Gravia iudicia pro rei publicae dignitate multa de coniuratorum scelere fecistis. Non putant satis conversam rem publicam, nisi in eandem impiorum poenam optime meritos civis detruserint. Oppressus est C. Antonius. Esto; habuit quandam ille infamiam suam; neque tamen ille ipse, pro meo iure dico, vobis iudicibus damnatus esset, cuius damnatione sepulcrum L. Catilinae floribus ornatum hominum audacissimorum ac domesticorum hostium conventu epulisque celebratum est. Iusta Catilinae facta sunt; nunc a Flacco Lentuli poenae per vos expetuntur. Quam potestis P. Lentulo, qui vos in complexu liberorum coniugumque vestrarum trucidatos incendio patriae sepelire conatus est, mactare victimam gratiorem quam si L. Flacci sanguine illius nefarium in vos omnis odium saturaveritis? Litemus	581:587	0:1220
poena	NN	[-100,0]	1	15_39	 	, fas, leges, iudicia violavit. Atque hic ei gradus- o misera tempora stultasque nostras discordias!- P. Clodio gradus ad rem publicam hic primus; fuit; et aditus ad popularem iactationem atque adscensus. Nam Ti. Graccho invidia Numantini foederis, cui feriendo, quaestor C. Mancini consulis cum esset, interfuerat, et in eo foedere improbando senatus severitas dolori et timori fuit, eaque res illum fortem et clarum virum a gravitate patrum desciscere coegit; C. autem Gracchum mors fraterna, pietas, dolor, magnitudo animi ad expetendas domestici sanguinis poenas excitavit; Saturninum, quod in annonae caritate quaestorem a sua frumentaria procuratione senatus amovit eique rei M. Scaurum praefecit, scimus dolore factum esse popularem; Sulpicium ab optima causa profectum Gaioque Iulio consulatum contra leges petenti resistentem longius quam voluit popularis aura provexit. Fuit in his omnibus etsi non iusta,- nulla enim potest cuiquam male de re publica merendi iusta esse causa,- gravis tamen et cum aliquo animi virilis dolore coniuncta: P. Clodius a crocota, a mitra, a muliebribus soleis purpureisque fasceolis, a strophio, a psalterio, a	560:566	0:1151
poena	NN	[-100,0]	1	15_40	 	, fuisse traditur; eius porro civitatis sapientissimum Solonem dicunt fuisse, eum qui leges quibus hodie quoque utuntur scripserit. Is cum interrogaretur cur nullum supplicium constituisset in eum qui parentem necasset, respondit se id neminem facturum putasse. Sapienter fecisse dicitur, cum de eo nihil sanxerit quod antea commissum non erat, ne non tam prohibere quam admonere videretur. Quanto nostri maiores sapientius! qui cum intellegerent nihil esse tam sanctum quod non aliquando violaret audacia, supplicium in parricidas singulare excogitaverunt ut, quos natura ipsa retinere in officio non potuisset, ei magnitudine poenae a maleficio summoverentur. Insui voluerunt in culleum vivos atque ita in flumen deici. </section><section> O singularem sapientiam, iudices! Nonne videntur hunc hominem ex rerum natura sustulisse et eripuisse cui repente caelum, solem, aquam terramque ademerint ut, qui eum necasset unde ipse natus esset, careret eis rebus omnibus ex quibus omnia nata esse dicuntur? Noluerunt feris corpus obicere ne bestiis quoque quae tantum scelus attigissent immanioribus uteremur; non sic nudos in flumen deicere ne, cum delati essent in mare, ipsum polluerent quo cetera quae violata sunt expiari putantur; denique	628:634	0:1241
poena	NN	[-100,0]	1	15_41	 	, graviores deorum immortalium iras subire quam illos qui furentes inducuntur putas. Non sunt illi eiulatus et gemitus Philoctetae tam miseri, quamquam sunt acerbi, quam illa exsultatio Athamantis et quam senium matricidarum. Tu cum furialis in contionibus voces mittis, cum domos civium evertis, cum lapidibus optimos viros foro pellis, cum ardentis faces in vicinorum tecta iactas, cum aedis sacras inflammas, cum servos concitas, cum sacra ludosque conturbas, cum uxorem sororemque non discernis, cum quod ineas cubile non sentis, tum baccharis, tum furis, tum das eas poenas quae solae sunt hominum sceleri a dis immortalibus constitutae. Nam corporis quidem nostri infirmitas multos subit casus per se, denique ipsum corpus tenuissima de causa saepe conficitur: deorum tela in impiorum mentibus figuntur. Qua re miserior es cum in omnem fraudem raperis oculis quam si omnino oculos non haberes. Sed quoniam de iis omnibus quae haruspices commissa esse dicunt satis est dictum, videamus quid idem haruspices a dis iam immortalibus dicant moneri. Monent Ne per optimativm discordiam dissensionemqve patribvs principibvsqve caedes pericvlaqve creentvr avxilioqve divini nvminis deficiantvr,; ywa re ad wnwm	572:578	0:1209
poena	NN	[-100,0]	1	15_42	 	, haec se ad Caesarem contulit, hanc imitata quarta legio parem virtutis gloriam consecuta est. Quarta victrix desiderat neminem; ex Martia non nulli in ipsa victoria conciderunt. O fortunata mors, quae naturae debita pro patria est potissimum reddita! Vos vero patriae natos iudico, quorum etiam nomen a Marte est, ut idem deus urbem hanc gentibus, vos huic urbi genuisse videatur. In fuga foeda mors est, in victoria gloriosa. Etenim Mars ipse ex acie fortissimum quemque pignerari solet. Illi igitur impii, quos cecidistis, etiam ad inferos poenas parricidii luent, vos vero, qui extremum spiritum in victoria effudistis, piorum estis sedem et locum consecuti. Brevis a natura vita vobis data est, at memoria bene redditae vitae sempiterna. Quae si non esset longior quam haec vita, quis esset tam amens, qui maximis laboribus et periculis ad summam laudem gloriamque contenderet? Actum igitur praeclare vobiscum, fortissimi, dum vixistis, nunc vero etiam sanctissimi milites, quod vestra virtus neque oblivione eorum, qui nunc sunt, nec reticentia posterorum sepulta esse poterit, cum vobis inmortale monumentum suis paene	544:550	0:1127
poena	NN	[-100,0]	1	15_43	 	, hanc ut sibi ignoscerem, causam adferebat, quod tanti Ti. Gracchum fecisset ut, quidquid ille vellet, sibi faciendum putaret. Tum ego: Etiamne, si te in Capitolium faces ferre vellet? Numquam inquit voluisset id quidem; sed si voluisset, paruissem. Videtis, quam nefaria vox! Et hercule ita fecit vel plus etiam quam dixit; non enim paruit ille Ti. Gracchi temeritati sed praefuit, nec se comitem illius furoris, sed ducem praebuit. Itaque hac amentia quaestione nova perterritus in Asiam profugit, ad hostes se contulit, poenas rei publicae graves iustasque persolvit. Nulla est igitur excusatio peccati, si amici causa peccaveris; nam cum conciliatrix amicitiae virtutis opinio fuerit, difficile est amicitiam manere, si a virtute defeceris. Quod si rectum statuerimus vel concedere amicis, quidquid velint, vel impetrare ab iis, quidquid velimus, perfecta quidem sapientia si simus, nihil habeat res vitii; sed loquimur de iis amicis qui ante oculos sunt, quos vidimus aut de quibus memoriam accepimus, quos novit vita communis. Ex hoc numero nobis exempla sumenda sunt, et eorum quidem maxime	524:530	0:1099
poena	NN	[-100,0]	1	15_44	 	, in eum ob potestatem non uti summam esse stultitiam; cogitare oportere, quem animum in eum et quod odium habuerint. Locus autem communis erit indignatio maleficii et alter eorum misereri oportere, qui propter fortunam, non propter malitiam in miseriis sint. Quoniam ergo in generali constitutione tamdiu propter eius partium multitudinem commoramur, ne forte varietate et dissimilitudine rerum diductus alicuius animus in quendam errorem deferatur, quid etiam nobis ex eo genere restet et quare restet, admonendum videtur. Iuridicialem causam esse dicebamus, in qua aequi et iniqui natura et praemii aut poenae ratio quaeretur. Eas causas, in quibus de aequo et iniquo quaeritur, exposuimus. Restat nunc, ut de praemio et de poena explicemus. Sunt enim multae causae, quae ex praemii alicuius petitione constant. Nam et apud iudices de praemio saepe accusatorum quaeritur et a senatu aut a consilio aliquod praemium saepe petitur. Ac neminem conveniet arbitrari nos, cum aliquod exemplum ponamus, quod in senatu agatur, ab iudiciali genere exemplorum recedere. Quicquid enim de homine probando aut inprobando dicitur, cum ad eam dictionem sententiarum quoque ratio accommodetur, id	606:612	0:1184
poena	NN	[-100,0]	1	15_45	 	, in hortulis suis iubeamus dicere, atque etiam ab omni societate rei publicae, cuius partem nec norunt ullam neque umquam nosse uoluerunt, paulisper facessant rogemus. Perturbatricem autem harum omnium rerum Academiam, hanc ab Arcesila et Carneade recentem, exoremus ut sileat. Nam si inuaserit in haec, quae satis scite nobis instructa et composita uidentur, nimias edet ruinas. Quam quidem ego placare cupio, submouere non audeo... Nam etiam sine illius suffimentis expiati sumus. At uero scelerum in homines atque; in deos; inpietatum nulla expiatio est. Itaque poenas luunt, non tam iudiciis- quae quondam nusquam erant, hodie multifariam nulla sunt, ubi; sunt; tamen, persaepe falsa sunt-; a; t eos agitant insectanturque furiae, non ardentibus taedis sicut in fabulis, sed angore conscientiae fraudisque cruciatu. Quodsi homines ab iniuria poena, non natura arcere deberet, quaenam sollicitudo uexaret impios sublato suppliciorum metu? Quorum tamen nemo tam audax umquam fuit, quin aut abnuer; e; t a se commissum esse facinus, aut iusti sui doloris causam aliquam fingeret, defensionemque facinoris a naturae	566:572	0:1117
poena	NN	[-100,0]	1	15_46	 	, iudices: magnam vim, magnam necessitatem, magnam possidet religionem paternus maternusque sanguis; ex quo si qua macula concepta est, non modo elui non potest verum usque eo permanat ad animum ut summus furor atque amentia consequatur. Nolite enim putare, quem ad modum in fabulis saepenumero videtis, eos qui aliquid impie scelerateque commiserint agitari et perterreri Furiarum taedis ardentibus. Sua quemque fraus et suus terror maxime vexat, suum quemque scelus agitat amentiaque adficit, suae malae cogitationes conscientiaeque animi terrent; hae sunt impiis adsiduae domesticaeque Furiae quae dies noctesque parentium poenas a consceleratissimis filiis repetant. Haec magnitudo malefici facit ut, nisi paene manifestum parricidium proferatur, credibile non sit, nisi turpis adulescentia, nisi omnibus flagitiis vita inquinata, nisi sumptus effusi cum probro atque dedecore, nisi prorupta audacia, nisi tanta temeritas ut non procul abhorreat ab insania. Accedat huc oportet odium parentis, animadversionis paternae metus, amici improbi, servi conscii, tempus idoneum, locus opportune captus ad eam rem; paene dicam, respersas manus sanguine paterno iudices videant oportet, si tantum facinus, tam immane, tam acerbum credituri	626:632	0:1235
poena	NN	[-100,0]	1	15_47	 	, lictor, deliga ad palum''. exanimati omnes tam atroci imperio nec aliter quam in se quisque destrictam cernentes securem metu magis quam modestia quievere. itaque velut demerso ab admiratione animo cum silentio defixi stetissent, repente, postquam cervice caesa fusus est cruor, tam libero conquestu coortae voces sunt, ut neque lamentis neque exsecrationibus parceretur spoliisque contectum iuvenis corpus, quantum militaribus studiis funus ullum concelebrari potest, structo extra vallum rogo cremaretur, Manlianaque imperia non in praesentia modo horrenda sed exempli etiam tristis in posterum essent. </section><section> b. Fecit tamen atrocitas poenae oboedientiorem duci militem; et praeterquam quod custodiae vigiliaeque et ordo stationum intentioris ubique curae erant, in ultimo etiam certamine, cum descensum in aciem est, ea severitas profuit. fuit autem civili maxime bello pugna similis; adeo nihil apud Latinos dissonum ab Romana re praeter animos erat. clipeis antea Romani usi sunt, dein, postquam stipendiarii facti sunt, scuta pro clipeis fecere; et quod antea phalanges similes Macedonicis, hoc postea manipulatim structa acies coepit esse: postremi in plures ordines instruebantur[ ordo sexagenos milites, duos centuriones, vexillarium unum	652:658	0:1263
poena	NN	[-100,0]	1	15_48	 	, mihi crede, neminem invitum invitabis; res ipsa et rei publicae tempus aut me ipsum, quod nolim, aut alium quempiam aut invitabit aut dehortabitur. Equidem, ut paulo ante dixi, non eadem supplicia esse in hominibus existimo quae fortasse plerique, damnationes, expulsiones, neces; denique nullam mihi poenam videtur habere id quod accidere innocenti, quod forti, quod sapienti, quod bono viro et civi potest. Damnatio ista quae in te flagitatur obtigit P. Rutilio, quod specimen habuit haec civitas innocentiae. Maior mihi iudicum et rei publicae poena illa visa est quam Rutili. L. Opimius eiectus est e patria, is qui praetor et consul maximis rem publicam periculis liberarat. Non in eo cui facta est iniuria sed in eis qui fecerunt sceleris et conscientiae poena permansit. At contra bis Catilina absolutus est, emissus etiam ille auctor tuus provinciae, cum stuprum Bonae deae pulvinaribus intulisset. Quis fuit in tanta civitate qui illum incesto liberatum, non eos qui ita iudicarant pari scelere obstrictos arbitraretur? </section>  <section> [ XL] An ego exspectem dum de te V et LXX tabellae diribeantur, de quo	549:554	0:1124
poena	NN	[-100,0]	1	15_49	 	, morbum aut mortem aut cruciatum precarer. Thyestea est ista exsecratio poetae volgi animos non sapientium moventis, ut tu; naufragio expulsus uspiamsaxis fixus asperis, evisceratuslatere penderes,; ut ait ille,; saxa spargens tabo, sanie et sanguine atro;. Non ferrem omnino moleste, si ita accidisset; sed id tamen esset humanum. M. Marcellus, qui ter consul fuit, summa virtute, pietate, gloria militari, periit in mari; qui tamen ob virtutem in gloria et laude vivit. In fortuna quadam est illa mors non in poena putanda. Quae est igitur poena, quod supplicium, quae saxa, quae cruces? Esse duos duces in provinciis populi Romani, habere exercitus, appellari imperatores; horum alterum sic fuisse infrenatum conscientia scelerum et fraudum suarum ut ex ea provincia quae fuerit ex omnibus una maxime triumphalis nullam sit ad senatum litteram mittere ausus. Ex qua provincia modo vir omni dignitate ornatissimus, L. Torquatus, magnis rebus gestis me referente ab senatu imperator est appellatus, unde his paucis annis Cn. Dolabellae, C. Curionis, M. Luculli iustissimos triumphos vidimus, ex ea	512:517	0:1100
poena	NN	[-100,0]	1	15_50	 	, nec quisquis noluerit non legetur; nulli conicientur in illum ordinem, nulli eximentur; non ambitio ad gratiam, non iniquitas ad aemulationem conitetur; iudices iudicabunt ei quos lex ipsa, non quos hominum libido delegerit. Quod cum ita sit, mihi crede, neminem invitum invitabis; res ipsa et rei publicae tempus aut me ipsum, quod nolim, aut alium quempiam aut invitabit aut dehortabitur. Equidem, ut paulo ante dixi, non eadem supplicia esse in hominibus existimo quae fortasse plerique, damnationes, expulsiones, neces; denique nullam mihi poenam videtur habere id quod accidere innocenti, quod forti, quod sapienti, quod bono viro et civi potest. Damnatio ista quae in te flagitatur obtigit P. Rutilio, quod specimen habuit haec civitas innocentiae. Maior mihi iudicum et rei publicae poena illa visa est quam Rutili. L. Opimius eiectus est e patria, is qui praetor et consul maximis rem publicam periculis liberarat. Non in eo cui facta est iniuria sed in eis qui fecerunt sceleris et conscientiae poena permansit. At contra bis Catilina absolutus est, emissus etiam ille auctor tuus provinciae,	546:552	0:1104
poena	NN	[-100,0]	1	15_51	 	, nec varietatem natura patitur, legesque poena, non iustitia nostra comprobantur; nihil habet igitur naturale ius; ex quo illud efficitur, ne iustos quidem esse natura. an vero in legibus varietatem esse dicunt, natura autem viros bonos eam iustitiam sequi quae sit, non eam quae putetur? esse enim hoc boni viri et iusti, tribuere id cuique quod sit quoque dignum. Ecquid ergo primum mutis tribuemus beluis? non enim mediocres viri sed maxumi et docti, Pythagoras et Empedocles, unam omnium animantium condicionem iuris esse denuntiant, clamantque inexpiabilis poenas impendere iis a quibus violatum sit animal. scelus est igitur nocere bestiae, quod scelus qui velit''; </section><section> . .( Philus) sunt enim omnes, qui in populum vitae necisque potestatem habent, tyranni, sed se Iovis optimi nomine malunt reges vocari. cum autem certi propter divitias aut genus aut aliquas opes rem publicam tenent, est factio, sed vocantur illi optimates. si vero populus plurimum potest, omniaque eius arbitrio geruntur, dicitur illa libertas, est vero licentia. sed cum alius alium timet, et homo hominem et ordo	563:569	0:1110
poena	NN	[-100,0]	1	15_52	 	, nomen ac dignitatem imperi regi Aegyptio vendidit. Cum finis provinciae tantos haberet quantos voluerat, quantos optarat, quantos pretio mei capitis periculoque emerat, eis se tenere non potuit; exercitum eduxit ex Syria. Qui licuit extra provinciam? Praebuit se mercennarium comitem regi Alexandrino. Quid hoc turpius? In Aegyptum venit, signa contulit cum Alexandrinis. Quando hoc bellum aut hic ordo aut populus susceperat? Cepit Alexandream. Quid aliud exspectamus a furore eius nisi ut ad senatum tantis de rebus gestis litteras mittat? Hic si mentis esset suae, nisi poenas patriae disque immortalibus eas quae gravissimae sunt furore atque insania penderet, ausus esset- mitto exire de provincia, educere exercitum, bellum sua sponte gerere, in regnum iniussu populi Romani aut senatus accedere, quae cum plurimae leges veteres, tum lex Cornelia maiestatis, Iulia de pecuniis repetundis planissime vetat? Sed haec omitto; ille si non acerrime fureret, auderet, quam provinciam P. Lentulus, amicissimus huic ordini, cum et auctoritate senatus et sorte haberet, interposita religione sine ulla dubitatione deposuisset, eam sibi adsciscere, cum, etiam si religio	575:581	0:1169
poena	NN	[-100,0]	1	15_53	 	, non pecuniam, ut quidam nimis creduli suspicantur, quae semper ab amplissimo quoque clarissimoque contempta est, non opes violentas et populo Romano minime ferendam potentiam, sed caritatem civium et gloriam concupivisse. Est autem gloria laus recte factorum magnorumque in rem publicam meritorum, quae cum optimi cuiusque, tum etiam multitudinis testimonio comprobatur. Dicerem, Dolabella, qui recte factorum fructus esset, nisi te praeter ceteros paulisper esse expertum viderem. Quem potes recordari in vita illuxisse tibi diem laetiorem, quam cum, expiatio foro, dissipato concursu impiorum, principibus sceleris poena affectis, urbe incendio et caedis metu liberata, te domum recepisti? Cuius ordinis, cuius generis, cuius denique fortunae studia tum laudi et gratulationi tuae se non obtulerunt? Quin mihi etiam, quo auctore te in his rebus uti arbitrabantur, et gratias boni viri agebant et tuo nomine gratulabantur. Recordare, quaeso, Dolabella, consensum illum theatri, cum omnes earum rerum obliti, propter quas fuerant tibi offensi, significarent se beneficio novo memoriam veteris doloris abiecisse. Hanc tu, P. Dolabella,( magno loquor cum dolore) hanc tu	619:624	0:1171
poena	NN	[-100,0]	1	15_54	 	, non solum excursionibus barbarorum sic infesta, sed etiam castris Thraeciis distincta ac notata. Ita gentes eae, quae, ut pace uterentur, vim argenti dederant praeclaro nostro imperatori, ut exhaustas domos replere possent, pro empta pace bellum nobis per iustum intulerunt. </section><section> Iam vero exercitus noster ille superbissimo dilectu et durissima conquisitione collectus omnis interiit. Magno hoc dico cum dolore. Miserandum in modum milites populi Romani capti, necati, deserti, dissipati sunt, incuria, fame, morbo, vastitate consumpti, ut, quod est indignissimum, scelus imperatoris poena exercitus expiatum esse videatur. Atque hanc Macedoniam, domitis iam gentibus finitimis barbariaque compressa, pacatam ipsam per se et quietam tenui praesidio atque exigua manu etiam sine imperio per legatos nomine ipso populi Romani tuebamur; quae nunc consulari imperio atque exercitu ita vexata est, vix ut se possit diuturna pace recreare, cum interea quis vestrum hoc non audivit, quis ignorat, Achaeos ingentem pecuniam pendere L. Pisoni quotannis, vectigal ac portorium Dyrrachinorum totum in huius unius questum esse conversum, urbem Byzantiorum, vobis atque huic imperio fidelissimam, hostilem in modum esse	601:606	0:1224
poena	NN	[-100,0]	1	15_55	 	, praeterea argentum vestimenta, ut dum nostri in praeda detinentur, illi caede facta ad praesidia Pompei se reciperent. Nam quod existimabat eos posse conata efficere, nocta tota ultra stabat flumen Salsum in acie. Quod factum licet necopinantibus nostris esset gestum, tamen virtute freti repulsos multisque vulneribus adfectos oppido represserunt, praedam armaque eorum sunt potiti vivosque aliquos ceperunt; qui postero die sunt interfecti. Eodemque tempore transfuga nuntiavit ex oppido Iunium qui in cuniculo fuisset, iugulatione oppidanorum facta clamasse facinus se nefandum et scelus fecisse; nam eos nihil meruisse quare tali poena adficerentur, qui eos ad aras et focos suos recepissent, eosque hospitium scelere contaminasse; multa praeterea dixisse; qua oratione deterritos amplius iugulationem non fecisse. Ita postero die Tullius legatus cum Catone Lusitano venit et apud Caesarem verba fecit:'' Utinam quidem di inmortales fecissent ut tuus potius miles quam Cn. Pompei factus essem et hanc virtutis constantiam in tua victoria, non in illius calamitate praestarem! Cuius funestae laudes quoniam ad hanc fortunam reciderunt ut cives Romani indigentes praesidii, et propter patriae luctuosam perniciem ducimur hostium numero qui neque in illius prospera acie	636:641	0:1274
poena	NN	[-100,0]	1	15_56	 	, principes spoliari omnibus fortunis atque civitate expelli posse arbitrantur. Etenim populi Romani perspiciunt eandem mentem et voluntatem; omnibus rebus quibus potest populus Romanus significat quid sentiat; nulla varietas est inter homines opinionis, nulla voluntatis, nulla sermonis. Qua re, si quis illuc me vocat, venio; populum Romanum disceptatorem non modo non recuso sed etiam deposco. verbis absit, ferrum ac lapides removeantur, operae facessant, servitia sileant; nemo erit tam iniustus qui me audierit, sit modo liber et civis, quin potius de praemiis meis quam de poena cogitandum putet. O di immortales! quid hoc miserius? Nos qui P. Lentulo ferrum et flammam de manibus extorsimus, imperitae multitudinis iudicio confidimus, lectissimorum civium et amplissimorum sententias pertimescimus! M''. Aquilium patres nostri multis avaritiae criminibus testimoniisque convictum, quia cum fugitivis fortiter bellum gesserat, iudicio liberaverunt. Consul ego nuper defendi C. Pisonem; qui, quia consul fortis constansque fuerat, incolumis est rei publicae conservatus. Defendi item consul L. Murenam, consulem designatum. Nemo illorum iudicum clarissimis viris accusantibus audiendum sibi de ambitu putavit, cum bellum	580:585	0:1227
poena	NN	[-100,0]	1	15_57	 	, pro se incautos neglectis vigiliis stationibusque est adortus, prius paene cepit castra quam oppugnari hostes satis scirent. Inde fumo, ut convenerat, datum signum ubi conspectum ab dictatore est, exclamat capta hostium castra nuntiarique passim iubet. Et iam lucescebat omniaque sub oculis erant. Et Fabius cum equitatu impetum dederat et consul eruptionem e castris in trepidos iam hostes fecerat; dictator autem parte altera subsidia et secundam aciem adortus, circumagenti se ad dissonos clamores ac subitos tumultus hosti undique obiecerat victorem peditem equitemque. Circumventi igitur iam in medio ad unum omnes poenas rebellionis dedissent, ni vettius Messius ex Volscis, nobilior vir factis quam genere, iam orbem volventes suos increpans clara voce; hic praebituri; inquit,; vos telis hostium estis indefensi, inulti? Quid igitur arma habetis, aut quid ultro bellum intulistis, in otio tumultuosi, in bello segnes? Quid hic stantibus spei est? An deum aliquem protecturum vos rapturumque hinc putatis? Ferro via facienda est. Hac qua me praegressum videritis, agite, qui visuri domos parentes coniuges liberos estis, ite mecum! Non murus nec vallum sed	622:628	0:1166
poena	NN	[-100,0]	1	15_58	 	, quae fateor humana esse et multis bonis viris accidisse. Sceleri; ipsi in; est poena tristis et praeter eos eventus qui secuntur per se ipsa maxima est: vidimus eos, qui nisi odissent patriam numquam inimici nobis fuissent, ardentis tum cupiditate, tum metu, tum conscientia quid; quid; agerent, modo timentis, vicissim contemnentis religiones, iudicia corrupta ab isdem; corrupta;- hominum, non deorum. Reprimam iam me, non insequar longius, eoque minus quo plus poenarum habeo quam petivi. Tantum ponam brevi, duplicem poenam esse divinam, quod constat et ex vexandis vivorum animis et ea fama mortuorum, ut eorum exitium et iudicio vivorum et gaudio conprobetur. XVIII Agri autem ne consecrentur, Platoni prorsus adsentior, qui si modo interpretari potuero, his fere Vis utitur:'' Terra igitur ut focus domiciliorum sacra deorum omnium est. Quocirca ne quis iterum idem consecrato. Aurum autem et argentum in urbibus et privatim et in fanis invidiosa res est. Tum ebur ex inani; mi; corpore extractum haud satis castum donum deo. Iam aes atque ferrum duelli instrumenta	523:529	0:1075
poena	NN	[-100,0]	1	15_59	 	, quae non vult praedicari, quod gaudet intellegi. Agnosci amat, qui quod agit ostendit. Eleemosyna non tam accipientibus prodest quam dantibus; </section>  <section> ( et) spes praemii solacium fit laboris. Quae est maxima egestas? avaritia. Pecuniae imperare oportet, non servire, Nullum magis conscium peccatorum tuorum timueris quam temet ipsum; alios enim potes effugere, te numquam. Quis est pauper? Qui sibi( dives) videtur. Qui a multis timetur, multos timet. lnfelicitatem erige, felicitatem submitte. Felicitas infelici innocentia est. Nequitia ipsa est poena sui. Mala conscientia saepe tuta est, secura numquam. Libidinis initia continebis, si exitum cogitaveris. </section><section> Beneficii accepti numquam oportet oblivisci, dati protinus. lnhonesta victoria est suos vincere. Satis est poenaram potuisse puniri. Inimicitias tarde suscipe. Inimicitias moderate exerce, fideliter depone. Imago animi sermo est. Qualis vita, talis oratio. Magna res est vocis et silentii temperamentum. Qui aequo animo malis immisectur, malus est. Neminem cito laudaveris, neminem cito accusaveris: semper puta te corm diis testimonium dicere. Vitium est omnia credere,	564:569	0:1167
poena	NN	[1900,2000]	2	15_0	 	- Si delictum a recidivo commissum est vel si alia adest secundum communem praxim et doctrinam canonicam circumstantia aggravans, iudex potest reum gravius punire, quam lex vel praeceptum statuit, non exclusis poenis in can.,; recensitis. Can.- Qui communi delinquendi consilio in delictum concurrunt neque in lege vel praecepto expresse nominantur, eisdem poenis ac auctor principalis puniri possunt vel ad prudentiam iudicis aliis poenis eiusdem vel minoris gravitatis. Can.-; Qui aliquid ad delictum patrandum egit vel omisit nec tamen praeter suam voluntatem delictum consummavit, non tenetur poena in delictum consummatum statuta, nisi lex vel praeceptum aliter cavet.; Si vero actus vel omissiones natura sua ad delicti exsecutionem conducunt, auctor congrua poena puniatur, praesertim si scandalum aliudve grave damnum evenit, leviore tamen quam ea, quae in delictum consummatum constituta est.; Ab omni poena liberatur, qui sua sponte ab incepta delicti exsecutione destitit, si nullum ex conatu damnum aut scandalum ortum est. Can.-; Qui a lege poenali dispensare potest vel a praecepto poenali eximere, potest etiam poenam vi eiusdem legis vel praecepti irrogatam	597:602	0:1174
poena	NN	[1000,1200]	2	15_2	 	--------------------------------------------- </section><section> Quid est illud in euangelio Lucae, quod diuiti damnato Abraham dicit: Et in his omnibus inter nos et uos chaos magnum firmatum est, ut hi qui uolunt hinc transire ad Vos, non possint, neque inde huc transmeare? Quomodo enim aliqui excaecati sunt, ut de refrigerio tantae quietis ad poenas damnatorum transire uelint, uel eis aliquod impendere beneficium iam omnino inaniter affectent, quos a misericordia Dei penitus exclusos uident? SOLUTIO Abraham, in cuius sinu Lazarus est susceptus, Deus est, qui fideles suos de huius uitae miseriis ad futurae Vitae refrigerium nobis adhuc occultum tamquam in quoddam secretum quietis suscipit. Ad hunc anima damnata loquitur quasi supplicando, dum eum sui desideret misereri. Abraham ei de sententia sua constituta respondet, cum eum intelligere facit inaniter eum desiderare, quod nullatenus eidem potest euenire. Hoc est autem quod eum intelligere facit,	348:354	0:964
poena	NN	[500,600]	2	15_3	 	-; CJ.: Imperator Anastasius Liberos insuper eorum, qui dignitate virorum spectabilium comitum seu tribunorum decorati sunt vel fuerint, nullatenus nolentes administrationem praeturae suscipere seu peragere.; a-; CJ.: Imperator Anastasius Omnibus videlicet antelatis privilegiis in persona non tantum in praesenti militantium, sed etiam postea eidem consortio inserendorum tam tempore militiae quam post eam depositam observandis.; a-; </section><section> CJ. De domesticis protectoribus. CJ.: Imperatores Valentinianus, Theodosius, Arcadius Domestici ac protectores osculandi, cum salutaverint, vicarios tui culminis habeant potestatem. poena enim sacrilegii similis erit, si his honorificentia non deferatur, qui contingere nostram purpuram digni sunt aestimati. valentin. theodos. et arcad. aaa. ad eusignium pp.; a d. Prid. Non. Mart. Mediolani valentiniano a. Iii et eutropio conss.; CJ. pr.: Imperatores Theodosius, Valentinianus Primicerius quidem domesticorum et protectorum utriusque scholae post acceptum tribunatum inter eos spectabili dignitate potiatur, qui ducatum agere meruerint. theodos. et valentin. aa. heliodoro pu.; a d. Iii id. Iun	638:643	0:1154
poena	NN	[1900,2000]	2	15_4	 	-; Etsi de delictis agitur, quae poenam secumferunt iure obligatoriam, Hierarcha audito promotore iustitiae a procedura poenali, immo a poenis irrogandis prorsus abstinere potest, dummodo ipsius Hierarchae iudicio haec omnia simul concurrant: delinquens in iudicium nondum delatus suum delictum Hierarchae in foro externo sincera paenitentia motus confessus est necnon de reparatione scandali et damni congrue provisum est.; Hoc vero Hierarcha facere non potest, si de delicto agitur, quod poenam secumfert, cuius remissio auctoritati superiori reservata est, donec licentiam ab eadem auctoritate obtinuerit. Can.-; In poenis benignior est interpretatio facienda.; Non licet poenam de persona ad personam vel de casu ad casum producere, etsi par adest ratio, immo gravior. Can.-; Qui habet potestatem legislativam, potest, quatenus vere necessarium est ad aptius providendum disciplinae ecclesiasticae, etiam leges poenales ferre necnon suis legibus etiam legem divinam aut ecclesiasticam ab auctoritate superiore latam congrua poena munire servatis suae competentiae limitibus ratione territorii vel personarum.; Poenis iure communi in aliquod delictum statutis aliae poenae iure particulari addi possunt; id antem ne fiat nisi gravissima de causa	619:625	0:1249
poena	NN	[1900,2000]	2	15_5	 	-; Excommunicatione minore puniti privantur susceptione Divinae Eucharistiae; excludi insuper possunt a participatione in Divina Liturgia, immo etiam ab ingressu in ecclesiam, si in ea cultus divinus publice celebratur.; Ipsa sententia vel decreto, quo haec poena irrogatur, definiri debet eiusdem poenae extensio et, si casus fert, duratio. Can.-; Suspensio potest esse vel ab omnibus vel aliquibus actibus potestatis ordinis aut regiminis, ab omnibus vel aliquibus actibus vel iuribus cum officio, ministerio vel munere conexis; eiusdem vero extensio ipsa sententia vel decreto, quo poena irrogatur, definiatur, nisi iure iam determinata est.; Nemo suspendi potest nisi ab actibus, qui sunt sub potestate auctoritatis poenam constituentis vel Hierarchae, qui iudicium poenale promovet vel decreto suspensionem irrogat.; Suspensio numquam afficit validitatem actuum nec ius habitandi, si quod reus ratione officii, ministerii vel muneris habet; suspensio vero vetans fructus, remunerationes, pensiones aliudve percipere secumfert obligationem restituendi, quidquid illegitime, etsi bona fide, perceptum est. Can.-; Clericus ad inferiorem gradum reductus vetatur illos actus potestatis ordinis et regiminis exercere,	585:590	0:1217
poena	NN	[1400,1600]	2	15_6	 	, </line><line> annua felicis colimus dum gaudia partus: </line><line> tu vatem ignarumque viae, insuetumque labori, </line><line> Diva, mone, et pavidis jam laeta adlabere coeptis. </line><line> Viderat aetherea superum Regnator ab arce, </line><line> undique collectas vectari in Tartara praedas: </line><line> Tisiphonemque imo conantem cuncta profundo </line><line> vertere, et immanes stimulantem ad dira sorores: </line><line> nec jam homini prodesse, alto quod semina caelo </line><line> duceret, aut varios animum excoluisset ad usus: </line><line> tantum letiferae poterant contagia culpae! </line><line> Tum pectus Pater, aeterno succensus amore, </line><line> sic se cum:; Ecquis erit finis? tantisne parentum </line><line> prisca luent poenis seri commissa nepotes? </line><line> ut quos victuros semper, superisque crearam </line><line> pene pares, tristi patiar succumbere leto, </line><line> informesque domos, obscuraque regna subire? </line><line> Non ita, sed divum potius revocentur ad oras, </line><line> ut decet, et manuum poscunt opera alta mearum: </line><line> desertosque foros, vacuique sedilia caeli </line><line> actutum complere parent: legio unde, nefandis </line><line> acta odiis, trepidas ruit exturbata per auras. </line><line> Cumque caput fuerit, tantorumque una malorum </line><line> femina principium, lacrimasque, et funera terris </line><line> intulerit: nunc auxilium ferat ipsa, modumque </line><line> qua licet, afflictis imponat femina rebus.	748:754	0:1488
poena	NN	[1500,1600]	2	15_7	 	, </line><line> atque aliam trepidans se fingit habere facendam; </line><line> cumque todescorum potuisset frangere classem, </line><line> in saccum tenuit testam panzamque gratavit. </line><line> Sirmio se bassum quacchiavit, more quaiotti, </line><line> quando sparaverii sentit strepitare sonaios; </line><line> et quamvis habeat grossos haec insula scoios, </line><line> hanc tamen effecit vilis cagarella gaioffam. </line><line> Nilque Desenzanus, nil Revoltella tiravit, </line><line> nil mantovani mater Pescheria Menzi. </line><line> Artelaria stetit rocchae ruginenta Monighae, </line><line> nec cum bellaci bravavit gente Padenghi, </line><line> moeniaque antiqui fundo tremuere Lonati; </line><line> at Solpharinus super altum briccola montem </line><line> contrastare volens audax fraschetta todeschis, </line><line> pentivit, meritasque dedit temeraria poenas. </line><line> Saxa comenzavit villanica turba deorsum </line><line> mittere, ne sursum gens lanzchinecca saliret. </line><line> Per filum spadae tandem andavere tapini, </line><line> et veluti sulphur flammas rocca illa piavit, </line><line> quam Solpharinum merito chiamabimus ancum, </line><line> nam solpharini de more incensa brusavit, </line><line> et fuit ad magnam campagnam grande faloium. </line><line> Inclyta non minimam fecit Capriana movestam, </line><line> Volta bonae sumpsit vernazzae trenta barillas, </line><line> quas imbriagandos mandavit contra todescos, </line><line> hac ve bonazzavit furiam maris arte todeschi. </line><line> Urbs tamen ipsa Godi, Sordello adstante gaiardo, </line><line> non vult omnino squadris concedere passum, </line><line> sed fornita bonis de fantis,	866:872	0:1673
poena	NN	[1500,1600]	2	15_8	 	, </line><line> officium quibus est ladros adscribere forchis, </line><line> dismorbare vias sassinis, perdere giottos, </line><line> atque stradarolos cunctis squartare videndos; </line><line> quos gula iustitiae moveat, non ventris et auri. </line><line> Heu tantum poveros, inopes, soldisque carentes, </line><line> cernimus ad forcam canevi portare colanam! </line><line> Non tamen hi nostri patres, iurisque ministri </line><line> attendunt quoniam, dum cercant suggere borsas, </line><line> dum tascas mungunt alienas, dumque secundant </line><line> prava ministrorum deportamenta suorum, </line><line> iustitiam privant spada, rumpuntque bilanzas, </line><line> incagant iuri, monstrantque culamina legi. </line><line> Quam forchae melius poenam gens illa subiret, </line><line> quae forchae ad poenam menans sbirraia vocatur. </line><line> Quin datur his canibus portare licentia spadas. </line><line> Omnibus est vetitum taccare galonibus arma, </line><line> arma barisellus, zaffus fert arma solettus, </line><line> atque hominum stronzus, cui curae tollere pegnos, </line><line> unde valenthomines, atque alto sanguine nati </line><line> ferre pudent cinctas hodierno tempore spadas, </line><line> ne quoque per gentem sbirri dicantur et ipsi. </line><line> Si malfattorem vadunt comprendere quemquam, </line><line> prendere non bastat, sed eum spoiare comenzant. </line><line> Hic sibi mantellum, brettam levat ille, sed iste </line><line> saionem, veluti sibi solis furta licerent. </line><line> Impietas nulla est mundo crudelior ista. </line><line> Instituuntur	802:808	0:1577
poena	NN	[1900,2000]	2	15_11	 	, ad culpam quod attinet iam deletis, quam chrisfidelis, apte dispositus et certis ac definitis condicionibus, consequitur ope Ecclesiae quae, ut ministra redemptionis, thesaurum satisfactionum Christi et Sanctorum auctoritative dispensat et applicat. N.- Indulgentia est partialis vel plenaria prout a poena temporali pro peccatis debita liberat ex parte aut ex toto. N.- Quivis fidelis potest indulgentias sive partiales sive plenarias, aut sibi ipsi lucrari, aut defunctis applicare ad modum suffragii. N.- Christifideli qui, corde saltem contritus, peragit opus indulgentia partiali ditatum, tribuitur ope Ecclesiae poenae temporalis remissio eiusdem valoris, ac ipse sua actione iam percipit. N.-; Praeter supremam Ecclesiae auctoritatem ii tantum possunt indulgentias elargiri, quibus haec potestas iure agnoscitur aut a Romano Pontifice conceditur.; Nulla auctoritas infra Romanum Pontificem valet potestatem concedendi indulgentias aliis committere, nisi id ei a Sede Apostolica expresse fuerit indultum. N.- In Romana Curia, Apostolicae dumtaxat Paenitentiariae committuntur ea, quae spectant ad concessionem et usum indulgentiarum, salvo iure Congregationis pro Doctrina Fidei ea videndi, quae doctrinam dogmaticam circa easdem respiciunt. N.- Episcopi eparchiales vel	620:626	0:1279
poena	NN	[-100,100]	2	15_12	 	, ad Icarium et Erigonam in hospitium liberale devenit. Iis utrem plenum vini muneri dedit iussitque, ut in reliquas terras propagarent. Icarius plaustro onerato cum Erigone filia et cane Maera in terram Atticam ad pastores devenit et genus suavitatis ostendit. Pastores cum immoderatius biberent, ebrii facti conciderunt; qui arbitrantes Icarium sibi malum medicamentum dedisse fustibus eum interfecerunt. Icarium autem occisum canis ululans Maera Erigonae monstravit, ubi pater insepultus iaceret; quo cum venisset, super corpus parentis in arbore suspendio se necavit. Ob quod factum Liber pater iratus Atheniensium filias simili poena afflixit. De ea re ab Apolline responsum petierunt, quibus responsum est, quod Icarii et Erigones mortem neglexissent. Quo responso de pastoribus supplicium sumpserunt et Erigonae diem festum oscillationis pestilentiae causa instituerunt et ut per vindemiam de frugibus Icario et Erigonae primum delibarent. Qui deorum voluntate in astrorum numerum sunt relati; Erigone signum Virginis, quam nos Iustitiam appellamus, Icarius Arcturus in sideribus est dictus, canis autem Maera Canicula. </section><section> Lycurgus Lycurgus Dryantis filius Liberum de regno fugavit; quem cum negaret deum esse vinumque bibisset et ebrius matrem suam violare voluisset,	633:638	0:1293
poena	NN	[200,400]	2	15_13	 	, ad Martia uictor, </line><line> mitior ad ueniam, permulcens aspera legum </line><line> iustitia, aeternae uires et gloria saecli, </line><line> spes data plena bonis et felix: copia rebus, </line><line> eximium columen ueterum uirtute fideque, </line><line> Romae magne parens, armis ciuilibus ultor, </line><line> et summi laus grata dei, mens clara, superne </line><line> rebus missa salus, per te pax, optime ductor, </line><line> et bellis secura quies, sancta omnia per te. </line><line> Solis iura suis fidissima dextra maritis </line><line> et sociale iugum praebet, consortia uitae. </line><line> Respice me falso de crimine, maxime rector, </line><line> exulis afflictum poena; nam cetera causae </line><line> nunc obiecta mihi uenia, uenerabile numen, </line><line> uince pia et solito superans fatalia nutu </line><line> sancte, tui uatis, Caesar, miserere serenus. </section></line><line><section> Fingere Musarum flagrarem numine uultus, </line><line> alme parens orbis, perfecta in munia uersu, </line><line> uotaque, si ratio non abnuat ordine Phoebi. </line><line> Gesta canunt, quos Aonium placabile numen </line><line> uatis sorte frui dat; donis carminis ex hoc </line><line> sustollens et uersu instigans ora sonare, </line><line> tu mentem inspiras uatis; tu gaudia semper </line><line> in te, sancte, uocas. tu quiuis docta Camenae </line><line> edere dicta fauens, tu	683:688	0:1394
poena	NN	[300,400]	2	15_15	 	, aliquid nocuit Deo, sed sibi. Novit enim Deus ordinare deserentes se animas, et ex earum iusta miseria inferiores partes creaturae suae convenientissimis et congruentissimis legibus admirandae dispensationis ornare. Itaque nec diabolus aliquid Deo nocuit, quia vel ipse lapsus est, vel hominem seduxit ad mortem: nec ipse homo in aliquo minuit veritatem aut potestatem aut beatitatem Conditoris sui, quia coniugi suae seductae a diabolo ad id quod Deus prohibuerat, propria voluntate consensit. Iustissimis enim Dei legibus omnes damnati sunt, Deo glorioso per aequitatem vindictae, ipsi ignominiosi per turpitudinem poenae: ut et homo a suo creatore aversus victus diabolo subderetur, et diabolus homini ad Creatorem suum converso vincendus proponeretur; ut quicumque diabolo usque in finem consentirent, cum illo irent in aetern supplicia; quicumque autem humiliarent se Deo, et per eius gratiam diabolum vincerent, aeterna praemia mererentur. </section><section> Neque hoc nos movere debet; quia multi diabolo consentiunt, et pauci Deum sequuntur; quia et frumentum in comparatione palearum valde pauciorem habet numerum. Sed sicut agricola novit quid faciat de ingenti acervo paleae, sic nihil est Deo multitudo peccatorum, qui	619:625	0:1234
poena	NN	[1100,1200]	2	15_16	 	, an aliud summum bonum sit quam summum hominis bonum vel summum malum quam summum hominis malum, determinetur. Regressio ad intermissam inquisitionem de summo bono. Philosophus: Summum utique bonum apud omnes recte philosophantes non aliud quam Deum dici constat et credi, cuius scilicet incorporabilis et ineffabilis beatitudo tam principii quam finis ignara nec augeri potest nec minui. Summum vero malum summam cuiuscumque sit sive hominis sive alterius creaturae miseriam vel poenae cruciatum autumo, hominis autem summum bonum vel summum malum eius, sicut supra iam memini ac determinavi, futurae vitae requiem vel poenam perpetuam intelligo. Hoc itaque inter summum bonum et summum hominis bonum referre arbitror, quod, sicut ex praemissis liquet, summum bonum Deus ipse est vel eius beatitudinis summa tranquillitas, quam tamen non aliud quam ipsum aestimamus, qui ex se ipso, non aliunde, beatus est: summum autem hominis bonum illa est perpetua quies sive laetitia, quam quisque pro meritis post hanc vitam recipit, sive in ipsa visione vel cognitione Dei, ut dicitis, sive quoquo modo aliter contingat. Summum vero malum summa est, ut dixi, cuiuscumque creaturae	621:627	0:1174
poena	NN	[1900,2000]	2	15_17	 	, antequam ad regna caelorum aditus patere possit: an. s.;: D.- S.; cf. etiam D.- S., Cf. Augustinus, In,:; Cogitur homo tolerare( hanc vitam) etiam remissis peccatis; quamvis ut in eum veniret miseriam, primum fuerit causa peccatum. Productlor est enim poena quam culpa, ne parva putaretur culpa, si cum illa finiretur et poena. Ac per hoc vel ad demonstrationem clebitae miseriae, vel ad emendationem labilis vitae, vel ad exercitationem necessariae patientiae, temporaliter hominem detinet poena et quem iam ad damnationem sempiternam reum non detinet culpa;:, pp.-;,-) Concilium Lugdunense II, Sessio IV: D.- S.) Cf. Missale Romanum, Oratio Dom. in Septuag.: Preces populi tui, quaesumus, Domine, clementer exaudi: ut, qui iuste pro peccatis nostris affligimur, pro tui nominis gloria misericorditer liberemur. Cf. Oratio super populum feriae II post dom. I in Quadrag.: Absolve, quaesumus, Domine, nostrorum vincula peccatorum: et, quidquid pro eis	493:498	0:954
poena	NN	[800,900]	2	15_18	 	, asserens, se totum imperium esse oblitum. His itaque gestis, dum aegrum spatiabatur in litore, cunsilio inito cum Bulgaris, in sua restauratus est sede; et potitus imperio, nares sibi et aures ex obrizo fecit. Recolens populorum iram, iubet truncari proceres ferro. Fit ingens clamor gravorum, deleta iuventa, et multi ad limina plectebant capita sua; alii transfossi, caputum stridens, praecordia texta; nonnulli culeo in pelagus iactati in altum consumpti; multi piris flammis incensi medullis; infelices alii prandia interanea dissoluti petebant; nonnulli plumbeas poenas, tirannicum ex ipsis multos recepit nicopos; cunsumptaeque undique urbes. Ad Ravennam corda revolvens retorsit, et per noctem plurima volvens, infra se taliter agens:; Heu, quid agam, et contra Ravennam quae exordia sumam?; Et videns animam, per multa consilia vagans, haec alternatim infra se mens rapit in diversa. Monstraticum fidelem suum tacito vocat, ut aptet ratem et socios in litora ducat, expensas paret. Et quae sit res, omnis ignorat. Dissimulare iubet sese, quousque tempore fuerit aperto. Tunc sic alloquitur illum	570:576	0:1106
poena	NN	[1900,2000]	2	15_20	 	, beneficio, dignitate, munere, si quod habeant, priventur, et in casibus gravioribus deponantur. par. Si aliter contra sextum decalogi praeceptum deliquerint, congruis poenis secundum casus gravitatem coerceantur, non excepta officii vel beneficii privatione, maxime si curam animarum gerant. </section><section> TITULUS De crimine falsi. Can. par. Omnes fabricatores vel falsarii litterarum, decretorum vel rescriptorum Sedis Apostolicae vel iisdem litteris, decretis vel rescriptis scienter utentes incurrunt ipso facto in excommunicationem speciali modo Sedi Apostolicae reservatam. par. Clerici delictum de quo in par. committentes aliis poenis praeterea coerceantur, quae usque ad privationem beneficii, officii, dignitatis et pensionis ecclesiasticae extendi possunt; religiosi autem priventur omnibus officiis quae in religione habent et voce activa ac passiva, praeter alias poenas in propriis cuiusque constitutionibus statutas. Can. Si quis in precibus ad rescriptum a Sede Apostolica vel a loci Ordinario impetrandum fraude vel dolo verum reticuerit aut falsum exposuerit, potest a suo Ordinario pro culpae gravitate puniri, salvo praescripto ean., Can. Litterarum vel actorum ecclesiasticorum tam publicorum quam privatorum fabricatores vel falsarii vel huiusmodi documentis scienter utentes,	643:649	0:1306
poena	NN	[1500,1600]	2	15_21	 	, canes alis </line><line> Terrae intestina </line><line> Tenedius tibicen </line><line> Cyrbes malorum </line><line> Aries nutricationis mercedem persolvit </line><line> A Dorio ad Phrygium </line><line> A carcere </line><line> A coelo ad terram </line><line> Mores amici noveris, non oderis </line><line> Bithus contra Bacchium </line><line> Esernius cum Pacidiano </line><line> Bis septem plagis Polypus contusus </line><line> Morso Nisa datur </section></line><line><section> Quid nisi victis dolor? </line><line> Aquam bibens nihil boni parias </line><line> Digna canis pabulo </line><line> Canis digna sede </line><line> Si vinum postulet, pugnos illi dato </line><line> Pro perca scorpium </line><line> Pro beneficentia Agamemnonem ulti sunt Achivi </line><line> Cane Tellenis Cantilenas </line><line> Azanaea mala </line><line> Capra nondum peperit, hoedus autem ludit in tectis </line><line> Reperit Deus nocentem </line><line> Ignavis semper feriae sunt </line><line> Catulae dominas imitantes </line><line> Tantali poenae </line><line> Viro seni maxillae baculus </line><line> Ne verba pro farina </line><line> Ancoras tollere </line><line> Amousoi </line><line> Vitilitigator </line><line> Vino vendibili suspensa hedera nihil opus </line><line> Canere ad myrtum </line><line> Admeti nenia </line><line> Bellum haudquaquam lachrymosum </line><line> Flet victus, victor interiit </line><line> Timidi nunquam statuerunt tropaeum </line><line> Una cum ipsis manipulis </line><line> Ne Aesopum quidem trivisti </line><line> Vulpes bovem agit </line><line> Non inest remedium adversus sycophantae morsum </line><line> Indoctior Philonide </line><line> Apage hospitem in tempestate </line><line> Dentem dente rodere </line><line> Iovem lapidem iurare </line><line> Cimmeriae tenebrae </line><line> Frustra Herculi </line><line> Ne in nervum erumpat </line><line> Ipsa senectus morbus est </line><line> Adrastia Nemesis. Rhamnusia Nemesis </line><line> Risus syncrusius </line><line> Rosam, quam praeterieris, ne quaeras iterum </line><line> Rosam cum anemona confers </line><line> Rosas loqui </line><line> Rhodii sacrificium </line><line> Rhodiorum	1026:1032	0:2156
poena	NN	[500,600]	2	15_22	 	, carinus, numer. Calumniae poena in paternae mortis accusatione cessat. carus carinus et numer. aaa. archelao.; a pp. Xi k. Dec. Caro et carino aa. conss.; CJ.: Imperatores Diocletianus, Maximianus Qui calumniatores pronuntiantur, in publicorum dumtaxat iudiciorum quaestionibus, non etiam in liberalibus causis, quae privatas disceptationes continent, periclitari solent. diocl. et maxim. aa. caesio.; a xxx pp.; CJ.: Imperatores Diocletianus, Maximianus Dominis servorum per accusatoris calumniam tortorum adversus eum poena dupli lege iulia providetur. diocl. et maxim. aa. et cc. Domitio.; a vel s. Xvi k. Sept. Ipsis aa. conss.; CJ.: Imperatores Valentinianus, Valens Non prius quemquam sinceritas tua ad tuae sedis examen iubebit adduci, quam sollemnibus satisfecerit, qui nititur fidem doloris adserere, cum iuxta formam iuris antiqui ei qui coeperit arguere aut vindicta proposita sit, si vera detulerit, aut supplicium, si fefellerit. valentin. et valens aa. ad valerianum.; a d. Vii	522:527	0:994
poena	NN	[0,100]	2	15_23	 	, caritas et impatientia orbitatis admittit! malo odium, querelas, execrationes, quam ut quis liberos affectu, quo servantur, occidat. quid refert, an per hoc alterius filii anima redimatur? si parricidium fas est ullas accipere causas, filius propter se tantum debet occidi. Adicite, iudices, immanitati, quod occidit aegrum. omnibus equidem mortalibus maiorem crediderim de languore venire reverentiam, et illorum quoque, quos inter supplicia pereuntis avido spectamus assensu, iuxta valetudines tamen morborumque violentiam quodam innocentiae favore miseremur. in carceribus et in illa profunda nocte poenarum religiosius ille anheli pectoris pallor inspicitur; non sic confundunt obvios gravibus catenis colla stridentia et diutino squalore concreta facies ut ille, quem ad singulos conatus gressusque labentem vix trahit impellitque longus ordo vinctorum, et inter tot destinatos totque perituros omnium tamen in se retorquet oculos unus aeger. quid ais? tu illum, quem nunc nefas est castigare, reprehendere, cuius auribus parcere debuerunt saeviora Va, quem, si quid negares, videreris occidere, ferro, vulneribus aggrederis? non potest hinc tibi venire defensio, ut hoc sis pro alterius salute commentus	604:612	0:1212
poena	NN	[1900,2000]	2	15_25	 	, cogantur ab illicito contubernio recedere et scandalum reparare suspensione a divinis, privatione fructuum officii, beneficii, dignitatis, servato praescripto can.- par. Si delictum admiserint contra sextum decalogi praeceptum cum minoribus infra aetatem sexdecim annorum, vel adulterium, stuprum, bestialitatem, sodomiam, lenocinium, incestum cum consanguineis aut affinibus in primo gradu exercuerint, suspendantur, infames declarentur, quolibet officio, beneficio, dignitate, munere, si quod habeant, priventur, et in casibus gravioribus deponantur. par. Si aliter contra sextum decalogi praeceptum deliquerint, congruis poenis secundum casus gravitatem coerceantur, non excepta officii vel beneficii privatione, maxime si curam animarum gerant. </section><section> TITULUS De crimine falsi. Can. par. Omnes fabricatores vel falsarii litterarum, decretorum vel rescriptorum Sedis Apostolicae vel iisdem litteris, decretis vel rescriptis scienter utentes incurrunt ipso facto in excommunicationem speciali modo Sedi Apostolicae reservatam. par. Clerici delictum de quo in par. committentes aliis poenis praeterea coerceantur, quae usque ad privationem beneficii, officii, dignitatis et pensionis ecclesiasticae extendi possunt; religiosi autem priventur omnibus officiis quae in religione habent et voce activa	626:632	0:1315
poena	NN	[1900,2000]	2	15_26	 	, concedere; o Deputare Vicarium Capitularem ad normam can., par.; o Vigilare ut fides ac disciplina ecclesiastica accurate serventur, ac de abusibus Romanum Pontificem certiorem facere; o Canonicam visitationem peragere, causa prius ab Apostolica Sede probata, si eam Suffraganeus neglexerit; tempore autem visitationis, potest praedicare, confessiones audire etiam absolvendo a casibus Episcopo reservatis, de vita et honestate clericorum inquirere, clericos infamia notatos Ordinariis ipsorum, ut eos puniant, denuntiare, notoria crimina, manifestas et notorias offensas tum sibi tum suis forte illatas, iustis poenis, censuris non exclusis, punire; o In omnibus ecclesiis, etiam exemptis, Ordinario loci praemonito, si ecclesia sit cathedralis, peragere pontificalia, uti Episcopus in proprio territorio, populo benedicere, cruce ante se delata incedere, non autem alia exercere quae iurisdictionem importent; o Appellationem recipere a sententiis definitivis aut interlocutoriis definitivarum vim habentibus, prolatis in Curiis suffraganeis, ad normam can., par.; o Controversias, de quibus in can., par., in prima instantia dirimere. Can.. Metropolita obligatione tenetur, intra	614:620	0:1185
poena	NN	[1900,2000]	2	15_27	 	, congrua deminutio in indulgentias plenarias induceretur, et quae ad indulgentias reales et locales, quas dicunt, pertinent in simpliciorem et digniorem formam redigerentur et componerentur. Ad indulgentiam partialem quod attinet, antiqua dierum et annorum determinatione posthabita, nova norma seu mensura exquisita est, iuxta quam actio ipsa consideratur christifidelis, qui opus indulgentia ditatum perficit. Cum vero sua actione christifidelis- praeter meritum quod actionis est fructus praecipuus- consequi insuper possit poenae temporalis remissionem, et quidem eo maiorem quo maior est operantis caritas et operis praestantia, placuit hanc ipsam remissionem poenae, quam christifidelis sia actione acquirit, tamquam mensuram sumere remissionis poenae, quam Ecclesiastica Auctoritas per indulgentiam partialem liberaliter addit. Ad indulgentiam plenariam quod attinet, opportunum visum est earum numerum congruenter munere, ut christifideles indulgentiae plenariae aequam aestimationem faciant et eam, debitis ornati dispositionibus, acquirere valeant. Quod enim saepius occurrit, parum attenditur; quod copiosius offertur, parvi aestimatur; cum plerique christifideles congruo temporis spatio indigeant, ut ad plenariam indulgentiam assequendam apte se praeparent. Quod attinet ad indulgentias reales et locales, non tantum earum numerus valde deminuitus est	666:672	0:1367
poena	NN	[1900,2000]	2	15_28	 	, congruo ad resipiscentiam tempore; contumacia persistente, censura infligi potest. Can. Qui plura delicta commisit, non modo gravius puniri, sed si, prudenti iudicis arbitrio, res id ferat, subiici etiam debet vigilantiae vel alii remedio poenali. Can. Delictum frustratum aut conatus delicti, nisi tanquam distincta delicta lege plectantur, possunt congrua poena pro gravitate puniri, salvo praescripto can., par. </section><section> TITULUS De poenarum remissione. Can. par. Remissio poenae sive per absolutionem, si agatur de censuris, sive per dispensationem, si de poenis vindicativis, concedi tantum potest ab eo qui poenam tulit, vel ab eius competenti Superiore aut successore, vel ab eo cui haec potestas commissa est. par. Qui potest a lege eximere, potest quoque poenam legi adnexam remittere. par. Iudex qui ex officio applicat poenam a Superiore constitutam, eam semel applicatam remittere nequit. Can. par. In casibus publicis potest Ordinarius poenas latae sententiae iure communi statutas remittere, exceptis: Casibus ad forum contentiosum deductis; Censuris Sedi Apostolicae reservatis; Poenis inhabilitatis ad beneficia, officia, dignitates,	572:578	0:1162
poena	NN	[500,600]	2	15_29	 	, cuius summa centum aureorum pretium non excedit, mercedis quicquam aut sumptuum censum administrantes aut censualis apparitio super intimandis isdem elogiis audeant adsequi, firma nunc quoque edicimus ac repetita promulgatione non solum iudices quorumlibet tribunalium, verum etiam defensores ecclesiarum, quos turpissimum intimationis genus inrepserat, praemonendos censemus, ne rem attingant, quae nemini prorsus omnium secundum constitutionum praecepta quam census magistro competit. absurdum est namque, si promiscuis actibus rerum turbentur officia et alii creditum alius subtrahat, ac praecipue clericis, quibus opprobrium est, si peritos se velint disceptationum esse forensium: poena etiam feriendis temeratoribus praesentis sanctionis quinquaginta librarum auri. nec enim concedendum est, ut suprema vota deficientium eversionis quicquam ex incongrua insinuatione contrahant, dum res ab incongruis usurpatur audacter. iustinus a. archelao pp.; a d. xiii k. dec. constantinopoli iustino a. ii et opilione conss.; CJ.: Imperator Justinianus Ambiguitates, quae vel imperitia vel desidia testamenta conscribentium oriuntur, resecandas esse censemus et, sive institutio heredum post legatorum dationes scripta sit vel alia praetermissa sit observatio non ex mente testatoris, sed vitio tabellionis vel	688:693	0:1308
poena	NN	[500,600]	2	15_31	 	, cum oportet eis decreto decurionum immunitatem tribui. diocl. et maxim. aa. et cc. concedemoni.; a xxx; CJ. pr.: Imperator Constantinus Medicos et maxime archiatros vel ex archiatris, grammaticos et professores alios litterarum una cum uxoribus et filiis nec non etiam rebus, quas in civitatibus suis possident, ab omni functione et ab omnibus muneribus civilibus vel publicis immunes esse praecipimus neque in provinciis hospites recipere nec ullo fungi munere nec ad iudicium deduci vel exhiberi vel iniuriam pati, ut, si quis eos vexaverit, poena arbitrario iudicis plectetur. const. a. ad pop.; a pp. v k. oct. constantinopoli dalmatio et zenophilo conss.; CJ.: Imperator Constantinus Mercedes etiam eorum et salaria reddi iubemus, quo facilius liberalibus studiis et memoratis artibus multos instituant.; a pp. v k. oct. constantinopoli dalmatio et zenophilo conss.; CJ. pr.: Imperator Julianus Magistros studiorum doctoresque excellere oportet moribus primum, deinde facundia. iul. a.; a d. xv k. iul. acc. iiii	546:551	0:1020
poena	NN	[1100,1200]	2	15_33	 	, cum terga sagittis horrent, illa lanceis velut torrendorum verubus affinguntur. Dum itaque non parcunt, aut qui fugant arcubus, aut qui fugantur calcaribus, refugitur in castra, minimum[ D] tamen solatium, sed unum. Ibi denique regius sanguis Willelmides, quis, cujus stirpis, cui militet memor, verticem nudat, Normanniam exclamat, Boamundum collegam, imo confugam suum his increpat:; Eho! Boamunde, quorsum fuga? Longe Apulia, longe Hydruntum, longe spes omnis finium Latinorum: hic standum, hic nos gloriosa manet aut poena victos, aut corona victores; gloriosa, inquam, sors utraque, sed etiam eo beatior altera, quo celerius efficit beatos. Ergo agite, o juvenes, moriamur, et in media arma ruamus.; His admoniti agglomerant sese ducibus caetera juventus, morti deinceps quam fugae paratior: astant intrepidi, ceu quondam[ f., quaedam] venabula in furore operiens leo, qui modo longa quiete piger a latibulis excitus,[ A] paulatim lucratur iras latratu, lituo, clamore, jaculis lascessitus, et tanquam non sua cujusque,	523:528	0:1027
poena	NN	[1000,1200]	2	15_34	 	, de heremo renouentur in saeculo. Qui multis adulationum fauoribus dona diuitum uenantes, tam suam quam illorum iugulant animas, sicut scriptum est: Vae uobis qui consuitis puluillos sub omni cubito manus, et ceruicalia sub capite uniuersae aetatis ad capiendas animas. Et rursum: Popule meus, qui te beatificant, ipsi te decipiunt, et uias gressuum tuorum dissipant. Quid est autem puluillos cubitis, uel ceruicalia capitibus supponere, nisi saecularium hominum uitam blandis sermonibus demulcere, quam nos magis asperis increpationibus oportebat corrigere, et de horrore diuini iudicii, et poenis gehennae ad poenitentiam trahere? Quorum dona cum sustulerimus, eos utique de suffragio nostrarum orationum confidentes, in suis iniquitatibus relinquimus securiores. Qui nec ea se male acquisisse uel possidere credunt, unde religiosos uiros eleemosynam petere cernunt. Quam cum suscipimus, mammonae iniquitatis frequenter communicamus. De qua quidem mammona iniquitatis a Domino uocata, beatus Hieronyinus ad Edibiam de diuersis scribens quaestionibus. Fac tibi amicos de mammona iniquitatis. Pulchre dixit de iniquo. Omnes enim diuitiae de iniquitate descendunt, et nisi alter perdiderit, alter non potest inuenire. Unde ilha uuhgata	593:599	0:1236
poena	NN	[1900,2000]	2	15_36	 	, donec in ipsa consummentur verba Dei;. Ad rectam autem huius doctrinae eiusque salutaris usus intellegentiam quasdam veritates recolamus oportet, quas universa Ecclesia verbo Dei illuminata semper credidit, et Episcopi, Apostolorum successores, atque imprimis Romani Pontifices, successores Beati Petri, sive per pastoralem praxim sive per doctrinalia documenta decursu saeculorum docuerunt et docent. Quemadmodum divina revelatione docemur, poenae peccata consequuntur a divina sanctitate et iustitia inflictae, sive in hoc mundo tuendae, doloribus, miseriis et aerumnis huius vitae et praesertim morte, sive etiam per ignem et tormenta vel poenas in futuro saeculo. Christifideles proinde semper sibi persuasum habebant pravam viam offendicula multa habere, eamque asperam, spinosam et nocivam esse iis, qui ambularent in ea. Quae poenae iusto et misericordia iudicio Dei imponuntur ad purificandas animas et sanctitatem ordinis moralis defendendam, et ad gloriam Dei in plenam eius maiestatem restituendam. Omne enim peccatum secumfert perturbationem ordinis universalis, quem Deus ineffabili sapientia et infinita caritate disposuit, et destructionem ingentium bonorum respectu tum peccatoris ipsius tum communitatis hominum. Menti autem christianorum omnium temporum clare apparebat peccatum, non solum transgressionem legis divinae	644:650	0:1340
poena	NN	[1900,2000]	2	15_37	 	, donec licentiam ab eadem auctoritate obtinuerit. Can.-; In poenis benignior est interpretatio facienda.; Non licet poenam de persona ad personam vel de casu ad casum producere, etsi par adest ratio, immo gravior. Can.-; Qui habet potestatem legislativam, potest, quatenus vere necessarium est ad aptius providendum disciplinae ecclesiasticae, etiam leges poenales ferre necnon suis legibus etiam legem divinam aut ecclesiasticam ab auctoritate superiore latam congrua poena munire servatis suae competentiae limitibus ratione territorii vel personarum.; Poenis iure communi in aliquod delictum statutis aliae poenae iure particulari addi possunt; id antem ne fiat nisi gravissima de causa; si vero iure communi indeterminata vel facultativa poena statuitur, iure particulari in eius locum poena determinata vel obligatoria statui potest.; Curent Patriarchae et Episcopi eparchiales, ut leges poenales iuris particularis in eodem territorio, quatenus fieri potest, uniformes sint. Can.-; Quatenus aliquis potest praecepta imponere, eatenus potest re mature perpensa et maxima moderatione poenas determinatas per praeceptum comminari eis exceptis, quae in can.,; enumerantur; Patriarcha vero de consensu Synodi permanentis etiam	611:617	0:1229
poena	NN	[1000,1200]	2	15_38	 	, dum in ipsa cam sua quae terrenae substantiae est, sepultus, iuxta quod de semetipso ait: Sicut fuit Ionas in uentre ceti. . . etc. in multam propaginem fidelium resurgendo pullulauit secundum illam ipsius parabolam: Nisi granum frumenti. . . etc. Scimus autem et tune maxime radicem quamlibet germinare et quasi impinguari ut multiplicet, si ei fimus adhibeatur et stercora iuxta illud dominicae parabolae: Dimitte et hoc anno ut mittam stercora. Quid autem fimus uel stercora sunt huic radici admota, nisi sordes peccatorum nostrorum, quae suscepit per poenam et portauit in corpore quo, ut de ipso tamquam radice et omnium origine innumerae propaginis fructus in ecclesia nascerentur?'' Nihil'' quippe'' nasci profuit, nisi redimi profuisset''. Hoc itaque Spiritus per Isaiam promittens ait: ERIT RADIX IESSE, hoc est, eo defuncto, supererit ei de semine suo posterit as per quam rest auretur ub erius in prole quod deperi it in arbore, quia plures fideles orientur quam antea de Iesse exstiterant. ET QUI, ac si diceret: et ille erit ista radix qui EXSURGET crescendo uehementer,	557:563	0:1086
